City_ID,City,Lat,Lng,Max Temp,Humidity,Cloudiness,Wind Speed,Country,Date
0,mount pearl,47.5166,-52.7813,61.32,80,100,11.5,CA,1691603004
1,coquimbo,-29.9533,-71.3436,60.53,77,75,8.05,CL,1691602995
2,waitangi,-43.9535,-176.5597,47.82,83,34,5.99,NZ,1691603005
3,mahina,-17.5065,-149.489,73.17,83,20,1.14,PF,1691602942
4,mao,39.8885,4.2658,81.16,69,0,8.05,ES,1691603005
5,tianpeng,30.9866,103.9393,84.67,87,100,4.05,CN,1691603007
6,zhezqazghan,47.7833,67.7667,74.66,52,54,10.0,KZ,1691603007
7,sao vicente,-23.9631,-46.3919,78.98,54,100,3.44,BR,1691602872
8,corvallis,44.5646,-123.262,76.24,65,51,1.01,US,1691602648
9,napanee,44.2501,-76.9494,80.58,43,25,11.81,CA,1691603008
10,hithadhoo,-0.6,73.0833,81.45,73,87,3.47,MV,1691603008
11,wailua homesteads,22.0669,-159.378,79.59,79,100,19.57,US,1691603009
12,korla,41.7597,86.1469,83.71,23,0,3.87,CN,1691603009
13,fort bragg,35.139,-79.006,89.91,44,0,8.99,US,1691603009
14,lesogorsk,56.0458,99.5136,60.15,75,100,1.45,RU,1691603010
15,kruisfontein,-34.0033,24.7314,60.89,85,12,15.59,ZA,1691603010
16,tommot,58.9564,126.2925,59.31,98,100,4.32,RU,1691603011
17,coulommiers,48.8145,3.085,76.1,72,69,3.2,FR,1691603011
18,bathurst,-33.4166,149.5806,42.82,89,53,3.04,AU,1691603011
19,lima,-12.0432,-77.0282,70.05,68,100,8.05,PE,1691602717
20,igrim,63.1906,64.4162,54.07,63,70,4.65,RU,1691603012
21,novo lino,-8.915,-35.6467,78.21,65,12,10.18,BR,1691603012
22,ichinohe,40.2069,141.3017,78.87,81,51,13.22,JP,1691603012
23,uyuni,-20.4597,-66.825,50.04,27,0,11.56,BO,1691603013
24,mangrol,21.1167,70.1167,80.56,83,100,15.39,IN,1691603013
25,hawaiian paradise park,19.5933,-154.9731,74.03,96,100,5.75,US,1691603013
26,arraial do cabo,-22.9661,-42.0278,75.06,69,75,17.27,BR,1691603014
27,alamar,23.1583,-82.2769,93.43,63,2,11.03,CU,1691603014
28,tadine,-21.55,167.8833,64.15,63,13,13.96,NC,1691603014
29,broken hill,-31.95,141.4333,51.87,49,2,6.29,AU,1691603014
30,sao joao do paraiso,-15.3136,-42.0144,80.24,33,0,9.6,BR,1691603015
31,kodiak,57.79,-152.4072,53.11,100,100,0.0,US,1691603015
32,usinsk,65.9939,57.5281,56.32,80,100,6.67,RU,1691603016
33,mabaruma,8.2,-59.7833,91.8,52,55,4.76,GY,1691603016
34,gorontalo,0.5412,123.0595,72.9,98,96,2.98,ID,1691603016
35,utrik,11.2278,169.8474,82.33,74,37,10.71,MH,1691603017
36,lebu,-37.6167,-73.65,54.23,87,100,26.17,CL,1691603017
37,puerto natales,-51.7236,-72.4875,41.07,92,100,1.68,CL,1691603017
38,ryotsu-minato,38.0833,138.4333,84.51,77,81,10.74,JP,1691603018
39,ocna mures,46.3833,23.85,70.65,51,92,3.87,RO,1691603018
40,abra pampa,-22.7205,-65.697,62.29,6,0,8.99,AR,1691603018
41,hadibu,12.65,54.0333,79.23,75,93,17.27,YE,1691603018
42,nova sintra,14.8667,-24.7167,73.42,72,8,15.7,CV,1691603019
43,axim,4.8699,-2.2405,76.15,84,95,12.21,GH,1691603019
44,crane,31.3974,-102.3501,100.94,18,2,6.91,US,1691603019
45,bethel,41.3712,-73.414,83.53,53,40,12.66,US,1691603020
46,hengchun,22.0042,120.7439,82.24,87,77,15.9,TW,1691603020
47,west island,-12.1568,96.8225,76.98,83,40,12.66,CC,1691603020
48,puerto aysen,-45.4,-72.7,44.64,100,100,0.0,CL,1691603021
49,tralee,52.2704,-9.7026,73.65,68,20,10.36,IE,1691603021
50,bamboo flat,11.7,92.7167,82.49,83,75,6.91,IN,1691603021
51,an nuhud,12.7,28.4333,85.21,48,29,8.41,SD,1691602823
52,qaqortoq,60.7167,-46.0333,42.21,87,27,7.58,GL,1691603022
53,georgetown,5.4112,100.3354,82.02,89,20,5.75,MY,1691602971
54,tevriz,57.509,72.4042,59.49,81,100,5.82,RU,1691603023
55,khash,28.2211,61.2158,84.92,18,24,6.98,IR,1691603023
56,kujang-up,39.8672,126.0303,71.26,93,100,4.0,KP,1691603023
57,thompson,55.7435,-97.8558,62.76,51,40,12.66,CA,1691603024
58,novoazovs'k,47.1139,38.086,80.89,51,22,10.78,UA,1691603024
59,bikenibeu village,1.3673,173.1241,78.76,94,20,2.3,KI,1691603024
60,adamstown,-25.066,-130.1015,67.08,71,41,23.42,PN,1691603024
61,nahiyat ash shinafiyah,31.5874,44.6602,107.49,8,0,10.38,IQ,1691603025
62,tanjung pandan,-2.75,107.65,75.34,81,66,5.91,ID,1691603025
63,fortuna,40.5982,-124.1573,64.65,94,100,6.91,US,1691603025
64,dem'yanovo,60.3511,47.0842,66.52,80,8,3.53,RU,1691603026
65,pahrump,36.2083,-115.9839,90.52,17,27,5.99,US,1691603026
66,susuman,62.7833,148.1667,35.76,98,55,2.48,RU,1691603026
67,jamestown,42.097,-79.2353,81.01,57,20,13.0,US,1691602677
68,east london,-33.0153,27.9116,63.54,77,75,10.36,ZA,1691603027
69,hampton bays,40.869,-72.5176,84.94,55,0,17.27,US,1691603027
70,la passe,45.5549,-0.8967,91.63,29,0,10.67,FR,1691603027
71,spasskoye,44.6108,132.7969,69.06,97,100,1.52,RU,1691603028
72,carnarvon,-24.8667,113.6333,68.2,80,86,11.74,AU,1691603028
73,medyn',54.9692,35.8586,59.74,78,60,5.64,RU,1691603028
74,mossendjo,-2.9506,12.7261,75.34,63,37,2.59,CG,1691603029
75,san jacinto,33.7839,-116.9586,88.93,54,11,5.01,US,1691602814
76,powell river,49.8496,-124.5361,67.64,88,100,8.05,CA,1691603030
77,bereznik,62.8551,42.7072,65.05,84,17,4.83,RU,1691603030
78,stanley,54.868,-1.6985,66.79,74,75,9.22,GB,1691603030
79,ephraim,39.3597,-111.5863,77.81,36,5,8.1,US,1691603031
80,constantia,44.1833,28.65,70.7,68,0,6.46,RO,1691603031
81,ola,59.5833,151.2833,46.47,80,72,7.58,RU,1691603032
82,santo antonio do ica,-3.1022,-67.9397,93.04,47,67,1.45,BR,1691603032
83,novyy urengoy,66.0833,76.6333,51.24,67,100,19.71,RU,1691603032
84,north bend,43.4065,-124.2243,73.24,77,100,3.44,US,1691602791
85,maslovka,51.5535,39.2357,68.52,59,15,8.46,RU,1691603033
86,mellieha,35.9564,14.3622,78.37,53,20,10.36,MT,1691603033
87,gazojak,41.1875,61.4036,90.43,22,0,5.64,TM,1691603033
88,narvik,68.4384,17.4272,73.38,50,34,1.88,NO,1691603034
89,asmara,15.3333,38.9333,60.94,89,86,6.02,ER,1691603034
90,kotlas,61.2611,46.6556,67.06,80,36,3.94,RU,1691603034
91,mitu,1.1983,-70.1733,94.35,42,22,1.1,CO,1691603035
92,umm al quwain city,25.5647,55.5552,104.02,61,0,7.47,AE,1691603035
93,bochum,51.4833,7.2167,70.92,69,91,5.01,DE,1691603035
94,iqaluit,63.7506,-68.5145,38.93,100,100,8.05,CA,1691603035
95,praia da vitoria,38.7333,-27.0667,80.85,74,20,11.63,PT,1691603036
96,nichinan,31.6,131.3667,80.28,98,100,10.11,JP,1691603036
97,remire-montjoly,4.9167,-52.2667,89.64,66,0,11.5,GF,1691603036
98,hamilton,39.1834,-84.5333,80.91,89,100,5.75,US,1691603037
99,grytviken,-54.2811,-36.5092,17.55,78,37,9.19,GS,1691603037
100,azemmour,33.2895,-8.3425,73.11,90,1,16.08,MA,1691603037
101,coos bay,43.3665,-124.2179,73.31,77,100,3.44,US,1691602764
102,nafplio,37.5683,22.8053,80.96,49,55,3.06,GR,1691603038
103,brasilia,-15.7797,-47.9297,84.61,32,0,11.5,BR,1691602760
104,pirot,43.1531,22.5861,66.76,58,75,2.44,RS,1691603038
105,hotan,37.0997,79.9269,84.4,27,28,8.03,CN,1691603039
106,la'ie,21.6477,-157.9253,80.11,73,30,5.01,US,1691603039
107,puerto ayora,-0.7393,-90.3518,84.16,87,97,7.0,EC,1691603039
108,isangel,-19.55,169.2667,67.5,74,36,15.08,VU,1691603040
109,saint-pierre,-21.3393,55.4781,69.48,78,0,4.61,RE,1691603040
110,genhe,50.7833,121.5167,55.56,95,46,1.61,CN,1691603040
111,malango,-2.9627,119.9001,65.97,99,90,1.16,ID,1691603040
112,alice springs,-23.7,133.8833,55.22,53,0,57.0,AU,1691603041
113,pervomayskiy,53.2485,40.2871,69.71,59,4,6.4,RU,1691603041
114,pasuquin,18.3328,120.6177,82.62,82,63,21.03,PH,1691603041
115,cromwell,41.5951,-72.6454,85.37,53,0,17.27,US,1691603042
116,inarajan village,13.2736,144.7484,80.4,97,100,16.67,GU,1691603042
117,port alfred,-33.5906,26.891,62.19,81,78,5.01,ZA,1691603042
118,manicore,-5.8092,-61.3003,102.29,24,15,4.45,BR,1691603043
119,san antonio de pale,-1.4014,5.6325,74.84,80,99,10.31,GQ,1691603043
120,taupo,-38.6833,176.0833,41.61,92,99,7.38,NZ,1691603043
121,haiku-pauwela,20.9219,-156.3051,78.04,71,20,10.36,US,1691603044
122,klyuchi,52.2667,79.1667,70.88,42,58,5.59,RU,1691603044
123,albany,42.6001,-73.9662,81.81,56,75,5.01,US,1691602861
124,gondar,12.6,37.4667,56.14,93,98,3.15,ET,1691603044
125,goya,-29.14,-59.2626,72.43,56,73,3.13,AR,1691603045
126,alaghsas,17.0187,8.0168,94.89,41,40,11.5,NE,1691603045
127,najafabad,32.6344,51.3668,79.34,25,62,14.83,IR,1691603045
128,arcachon,44.5875,-1.0519,93.25,18,0,13.8,FR,1691603046
129,tuxpan,19.55,-103.4,76.77,48,4,3.87,MX,1691603046
130,aasiaat,68.7098,-52.8699,40.8,75,41,5.59,GL,1691603046
131,isafjordur,66.0755,-23.124,57.24,44,0,14.97,IS,1691603047
132,cabo san lucas,22.8909,-109.9124,97.9,52,40,14.97,MX,1691602552
133,cuatro cienegas de carranza,26.9833,-102.0833,99.46,20,0,5.82,MX,1691603047
134,severo-yeniseyskiy,60.3725,93.0408,48.96,90,8,5.17,RU,1691603048
135,dausa,26.8833,76.3333,84.52,61,87,14.94,IN,1691603048
136,avarua,-21.2078,-159.775,71.65,78,75,14.97,CK,1691603048
137,mar del plata,-38.0023,-57.5575,62.62,81,75,12.66,AR,1691602938
138,tabou,4.423,-7.3528,75.58,85,99,7.58,CI,1691603049
139,karystos,38.0133,24.4161,79.79,47,0,7.0,GR,1691603049
140,san patricio,28.017,-97.5169,101.12,38,0,19.46,US,1691603050
141,northam,51.0333,-4.2167,67.6,88,71,1.39,GB,1691603050
142,petropavlovsk-kamchatsky,53.0452,158.6483,55.99,72,0,17.9,RU,1691603050
143,caluula,11.9661,50.7569,86.94,66,100,6.29,SO,1691603050
144,ojinaga,29.5667,-104.4167,104.58,28,0,5.75,MX,1691603051
145,laguna,38.421,-121.4238,84.09,60,0,6.91,US,1691603051
146,anadyr,64.75,177.4833,48.7,81,75,13.0,RU,1691603051
147,kapuskasing,49.4169,-82.4331,73.49,73,75,9.22,CA,1691602922
148,matoury,4.8483,-52.3317,89.56,66,0,11.5,GF,1691603053
149,kingston,17.997,-76.7936,90.55,66,20,20.71,JM,1691602906
150,port mathurin,-19.6833,63.4167,73.11,64,21,20.54,MU,1691603054
151,taseyevo,57.2169,94.8978,58.46,89,60,0.85,RU,1691603054
152,chonchi,-42.6128,-73.8092,52.12,93,100,10.98,CL,1691603054
153,mancio lima,-7.6142,-72.8958,91.47,55,40,4.61,BR,1691603055
154,tolanaro,-25.0319,46.9987,68.07,88,20,13.8,MG,1691603055
155,turpan,42.9333,89.1667,95.2,22,27,2.51,CN,1691603055
156,raipur,21.2333,81.6333,78.94,89,75,8.05,IN,1691602892
157,ancud,-41.8697,-73.8203,51.3,89,100,21.79,CL,1691603057
158,thurso,58.5927,-3.5259,59.25,78,83,12.3,GB,1691603057
159,lerwick,60.1545,-1.1494,53.6,72,100,22.19,GB,1691603057
160,kimbe,-5.5502,150.1429,76.84,80,38,10.42,PG,1691603058
161,broome,42.2506,-75.833,82.69,58,20,12.66,US,1691603058
162,constitucion,-35.3333,-72.4167,57.78,63,100,14.61,CL,1691603058
163,el calafate,-50.3408,-72.2768,37.94,90,82,0.92,AR,1691603059
164,khandyga,62.6667,135.6,51.42,70,4,1.66,RU,1691603059
165,timra,62.487,17.3257,60.48,72,75,16.11,SE,1691603059
166,holualoa,19.6228,-155.9522,75.78,73,75,3.44,US,1691603003
167,okhotsk,59.3833,143.3,52.84,78,6,2.51,RU,1691603060
168,tillaberi,14.2117,1.4531,87.69,56,96,3.47,NE,1691603060
169,vila franca do campo,37.7167,-25.4333,75.61,89,95,11.79,PT,1691603061
170,ribeira grande,38.5167,-28.7,77.4,83,20,11.5,PT,1691603061
171,shimoda,34.6667,138.95,79.11,91,53,7.05,JP,1691603061
172,tindouf,27.6711,-8.1474,111.65,5,0,25.32,DZ,1691603061
173,myeik,12.4333,98.6,78.64,89,100,6.2,MM,1691603062
174,gemena,3.25,19.7667,72.27,97,80,2.62,CD,1691603062
175,tambopata,-12.7333,-69.1833,87.69,62,75,3.44,PE,1691603062
176,ambo,-10.1308,-76.2047,76.14,35,31,9.19,PE,1691603063
177,lihue,21.9789,-159.3672,80.19,73,100,19.57,US,1691603063
178,bredasdorp,-34.5322,20.0403,53.37,95,0,7.16,ZA,1691603063
179,enriquillo,17.9,-71.2333,92.88,54,4,9.19,DO,1691603064
180,whitehorse,60.7161,-135.0538,61.11,60,40,12.66,CA,1691603064
181,pimentel,-6.8367,-79.9342,75.49,73,100,9.22,PE,1691603064
182,novaya ladoga,60.1025,32.3019,63.46,77,95,5.41,RU,1691603065
183,abepura,-2.6333,140.5833,76.01,83,20,0.0,ID,1691603065
184,sao jose da coroa grande,-8.8978,-35.1478,79.25,63,5,10.54,BR,1691603065
185,margaret river,-33.95,115.0667,51.73,75,86,6.6,AU,1691603066
186,hermanus,-34.4187,19.2345,57.79,77,0,6.87,ZA,1691603066
187,priargunsk,50.3691,119.1012,58.33,84,39,2.95,RU,1691603066
188,tuy hoa,13.0833,109.3,82.33,69,73,9.22,VN,1691603067
189,bulancak,40.9372,38.2291,76.82,78,75,4.61,TR,1691603067
190,hilo,19.7297,-155.09,76.28,96,100,5.75,US,1691602818
191,aldama,22.9167,-98.0667,94.5,40,7,11.36,MX,1691603068
192,smithers,54.7804,-127.1743,59.32,94,75,0.0,CA,1691603068
193,hasaki,35.7333,140.8333,79.3,86,0,12.12,JP,1691602987
194,codrington,-38.2667,141.9667,49.69,80,68,17.02,AU,1691603069
195,chilecito,-29.1619,-67.4974,70.57,20,54,3.53,AR,1691602872
196,papatowai,-46.5619,169.4708,35.92,85,88,6.04,NZ,1691603069
197,sirte,31.2089,16.5887,81.1,59,16,12.55,LY,1691603069
198,enewetak,11.3474,162.3373,83.03,77,77,14.07,MH,1691603070
199,atafu village,-8.5421,-172.5159,82.96,78,75,14.83,TK,1691603070
200,natal,-5.795,-35.2094,75.85,100,75,14.97,BR,1691602954
201,tazovsky,67.4667,78.7,44.42,89,100,15.32,RU,1691603071
202,ilulissat,69.2167,-51.1,51.82,46,20,4.61,GL,1691603071
203,xinyuan,37.3,99.0,54.43,88,93,2.59,CN,1691603071
204,milford haven,51.7128,-5.0341,68.63,89,94,6.85,GB,1691603072
205,bereeda,11.8704,51.0579,85.5,62,100,7.18,SO,1691603072
206,gamba,-2.65,10.0,72.72,82,11,8.03,GA,1691603072
207,brownfield,33.1812,-102.2744,93.94,18,49,13.73,US,1691603072
208,acarau,-2.8856,-40.12,79.21,81,54,21.0,BR,1691603073
209,badger,64.8,-147.5333,62.51,93,100,5.75,US,1691603073
210,portland,45.5234,-122.6762,78.78,59,20,5.75,US,1691603073
211,pacific grove,36.6177,-121.9166,65.88,89,75,9.22,US,1691603074
212,mugia,43.1041,-9.2179,73.9,75,81,17.22,ES,1691603074
213,kingscliff,-28.2667,153.5667,49.95,93,10,3.44,AU,1691603074
214,yellowknife,62.456,-114.3525,68.52,49,75,17.27,CA,1691603075
215,peniche,39.3558,-9.3811,77.29,81,15,8.59,PT,1691603075
216,nkove,-7.95,30.85,75.4,45,6,2.66,TZ,1691603076
217,nuku'alofa,-21.1333,-175.2,70.14,94,40,8.05,TO,1691603076
218,kapa'a,22.0752,-159.319,80.92,79,100,19.57,US,1691603076
219,balqash,46.8481,74.995,79.02,45,17,5.48,KZ,1691603077
220,nuea khlong,8.0714,98.9993,77.14,94,20,0.0,TH,1691603077
221,boaz,34.2006,-86.1664,83.68,69,0,5.75,US,1691603077
222,kittila,67.6647,24.8936,64.62,94,82,3.44,FI,1691603078
223,menomonie,44.8755,-91.9193,79.74,44,0,0.0,US,1691603078
224,baotou,40.6522,109.8222,83.25,37,100,6.38,CN,1691603078
225,las khorey,11.1595,48.1967,90.79,54,100,8.88,SO,1691603079
226,musoma,-1.5,33.8,75.22,64,20,9.22,TZ,1691603079
227,nova vicosa,-17.8919,-39.3719,79.54,54,39,8.12,BR,1691603079
228,persembe,41.0656,37.7714,76.42,73,98,9.73,TR,1691603080
229,ad dilam,23.9915,47.1627,102.61,8,0,10.11,SA,1691603080
230,clinton,42.587,-82.9199,84.99,59,32,1.99,US,1691602861
231,port lincoln,-34.7333,135.8667,50.85,76,47,5.93,AU,1691603081
232,namibe,-15.1961,12.1522,63.9,87,41,9.55,AO,1691603081
233,potam,27.6,-110.3833,100.36,35,19,8.99,MX,1691603081
234,kargopol',61.5071,38.9456,64.08,76,3,5.44,RU,1691603082
235,santa ana,33.7456,-117.8678,87.93,70,75,5.75,US,1691603082
236,arrifes,37.7667,-25.7,73.65,88,75,8.05,PT,1691603082
237,antalaha,-14.9003,50.2788,68.13,89,10,7.4,MG,1691603082
238,stiens,53.2623,5.7577,64.98,71,20,11.5,NL,1691603083
239,uturoa,-16.7333,-151.4333,76.89,70,77,19.93,PF,1691603083
240,westport,41.1415,-73.3579,85.44,51,40,14.97,US,1691603046
241,ta`u,-14.2336,-169.5144,80.47,75,10,10.58,AS,1691603084
242,tongchuanshi,35.0806,109.0897,73.83,80,4,5.79,CN,1691603084
243,manokwari,-0.8667,134.0833,77.85,74,99,2.89,ID,1691603085
244,formosa do rio preto,-11.0483,-45.1931,93.78,22,9,7.81,BR,1691603085
245,ivanovskoye,44.5795,41.8764,82.33,45,37,3.78,RU,1691603085
246,kununurra,-15.7667,128.7333,60.78,82,13,0.0,AU,1691603086
247,baoding,38.8511,115.4903,77.29,85,53,0.83,CN,1691603086
248,palmer,42.1584,-72.3287,82.44,54,75,8.05,US,1691603017
249,nabire,-3.3667,135.4833,74.98,88,90,3.6,ID,1691603087
250,columbus,39.9612,-82.9988,84.63,61,75,12.66,US,1691603087
251,altamira,-3.2033,-52.2064,95.09,52,40,9.22,BR,1691603087
252,taber,49.8167,-112.1518,82.24,51,24,4.61,CA,1691603088
253,san agustin tlaxiaca,20.1167,-98.8833,74.26,41,7,4.05,MX,1691603088
254,jiaojiang,28.6803,121.4428,82.0,91,65,3.87,CN,1691603089
255,kaeng khoi,14.5862,100.9976,83.1,76,98,2.28,TH,1691603089
256,nelson bay,-32.7167,152.15,55.0,91,48,5.01,AU,1691603089
257,luderitz,-26.6481,15.1594,73.94,43,87,5.5,NA,1691603089
258,invercargill,-46.4,168.35,33.03,94,97,3.0,NZ,1691603090
259,asbe teferi,9.0833,40.8667,63.61,87,100,7.11,ET,1691603090
260,caravaca,38.1056,-1.8634,96.55,19,48,8.95,ES,1691603091
261,ribeira brava,32.65,-17.0667,82.0,91,2,6.26,PT,1691603091
262,gustavsberg,59.3268,18.3898,57.97,89,100,18.92,SE,1691603091
263,labrador city,52.9463,-66.9114,53.51,94,100,12.66,CA,1691603092
264,ma'an,26.9775,110.7211,78.35,94,24,1.28,CN,1691603092
265,salekhard,66.53,66.6019,50.25,82,48,6.08,RU,1691603092
266,formby,53.5536,-3.0682,74.34,75,82,2.64,GB,1691603093
267,turaif,31.6725,38.6637,91.65,9,0,6.91,SA,1691603093
268,puerto baquerizo moreno,-0.9,-89.6,79.79,74,75,13.8,EC,1691603093
269,san luis de la loma,17.2706,-100.8939,86.5,77,100,7.74,MX,1691603094
270,horta,38.5333,-28.6333,76.64,89,20,11.5,PT,1691603094
271,krasnoyarsk,56.0097,92.7917,61.2,83,87,5.01,RU,1691603094
272,okigwe,5.8352,7.3599,73.63,91,82,4.9,NG,1691603095
273,hami,42.8,93.45,86.43,22,28,14.18,CN,1691603095
274,salalah,17.0151,54.0924,78.89,94,100,6.91,OM,1691603095
275,virginia,37.5481,-77.4467,90.1,47,40,6.91,US,1691602968
276,kangaba,11.9333,-8.4167,85.82,60,99,7.18,ML,1691603096
277,atherton,53.5237,-2.4935,74.7,72,85,3.67,GB,1691603096
278,newman,37.3138,-121.0208,80.24,10,0,5.21,US,1691603097
279,eyl,7.9803,49.8164,77.32,79,34,25.03,SO,1691603097
280,chulym,55.0997,80.9572,58.8,79,40,4.63,RU,1691603097
281,arak,34.0917,49.6892,79.52,27,43,4.59,IR,1691602805
282,zhenlai,45.8495,123.2973,61.16,90,0,6.93,CN,1691603098
283,misratah,32.3754,15.0925,80.04,63,1,9.55,LY,1691603100
284,mount isa,-20.7333,139.5,46.17,81,4,3.44,AU,1691603100
285,lepsy,46.235,78.9456,79.75,36,5,7.81,KZ,1691603100
286,fort st. john,56.2499,-120.8529,62.49,77,75,4.61,CA,1691603101
287,nagqu,31.5,92.0,46.87,78,97,3.87,CN,1691603101
288,paita,-5.0892,-81.1144,68.32,92,81,16.08,PE,1691603101
289,sisimiut,66.9395,-53.6735,44.67,74,100,8.14,GL,1691603102
290,sao joao da barra,-21.6403,-41.0511,75.29,58,78,10.63,BR,1691602985
291,mumford,5.2618,-0.759,74.55,86,100,7.49,GH,1691603103
292,ciudad lazaro cardenas,17.9583,-102.2,89.24,64,30,6.22,MX,1691603103
293,nefteyugansk,61.0998,72.6035,50.0,74,64,13.42,RU,1691602914
294,kampong cham,11.9934,105.4635,82.56,67,96,7.78,KH,1691603104
295,kenora,49.8167,-94.4337,61.77,67,75,12.66,CA,1691603088
296,udachny,66.4167,112.4,61.45,51,13,8.12,RU,1691603107
297,corner brook,48.9667,-57.9484,66.36,63,100,12.64,CA,1691602868
298,luganville,-15.5333,167.1667,67.37,99,100,3.31,VU,1691603109
299,khoyniki,51.8911,29.9552,64.58,54,93,1.48,BY,1691603109
300,belmonte,-15.8631,-38.8828,77.27,62,12,9.71,BR,1691603109
301,kerikeri,-35.2268,173.9474,48.11,83,9,7.43,NZ,1691603110
302,gulf breeze,30.3571,-87.1639,95.38,65,20,12.66,US,1691603110
303,kota tinggi,1.7381,103.8999,84.29,93,28,1.36,MY,1691603110
304,itoman,26.1247,127.6694,80.98,100,20,6.91,JP,1691603111
305,suva,-18.1416,178.4415,67.48,100,75,3.44,FJ,1691603112
306,manzhouli,49.6,117.4333,61.81,57,90,3.74,CN,1691603113
307,bolgatanga,10.7856,-0.8514,75.16,96,100,1.61,GH,1691603114
308,okha,53.5739,142.9478,54.34,96,36,6.91,RU,1691603115
309,kone,-21.0595,164.8658,59.97,79,29,3.76,NC,1691603116
310,fulton,33.7668,-84.4499,87.94,62,0,9.22,US,1691603117
311,christies beach,-35.1396,138.4698,54.72,73,3,10.0,AU,1691603117
312,kambove,-10.8764,26.5969,65.53,34,1,3.98,CD,1691603117
313,fale old settlement,-9.3852,-171.2468,82.65,79,14,14.23,TK,1691603118
314,shingu,33.7333,135.9833,78.19,98,92,9.44,JP,1691603118
315,tual,-5.6667,132.75,77.92,80,57,20.69,ID,1691603119
316,chesma,53.8111,60.6533,59.95,85,92,5.32,RU,1691603119
317,mugumu,-1.85,34.7,69.96,53,94,2.93,TZ,1691603119
318,minas de marcona,-15.2119,-75.1103,64.49,60,15,12.06,PE,1691603120
319,palikir - national government center,6.9248,158.1611,80.1,79,99,9.35,FM,1691603120
320,blackmans bay,-43.0167,147.3167,53.73,72,100,4.14,AU,1691603120
321,dongola,19.1667,30.4833,105.03,20,55,7.67,SD,1691603121
322,isola di capo rizzuto,38.96,17.0933,81.34,47,0,6.91,IT,1691603121
323,yorkton,51.2167,-102.4677,62.44,59,100,8.05,CA,1691603121
324,chibougamau,49.9168,-74.3659,67.62,60,40,4.61,CA,1691603122
325,aktau,43.65,51.2,84.78,70,0,6.73,KZ,1691603122
326,akureyri,65.6835,-18.0878,49.93,71,75,11.5,IS,1691603123
327,port elizabeth,-33.918,25.5701,63.1,77,75,17.27,ZA,1691603040
328,inari,68.906,27.0288,75.4,81,45,4.0,FI,1691603124
329,nuuk,64.1835,-51.7216,45.21,81,75,11.5,GL,1691603124
330,birjand,32.8663,59.2211,81.07,17,0,13.8,IR,1691603125
331,cururupu,-1.8283,-44.8683,82.99,73,49,7.78,BR,1691603125
332,christchurch,-43.5333,172.6333,37.94,79,20,6.91,NZ,1691603014
333,venancio aires,-29.6064,-52.1919,62.26,99,100,1.54,BR,1691603034
334,chinde,26.8418,88.0763,67.93,95,100,4.05,NP,1691603127
335,talnakh,69.4865,88.3972,63.21,62,76,9.44,RU,1691603127
336,dire,12.2833,-10.9667,87.55,71,65,3.53,ML,1691603127
337,washington court house,39.5364,-83.4391,82.38,66,40,8.05,US,1691603128
338,awjilah,29.1081,21.2869,88.88,26,0,10.8,LY,1691603128
339,pangody,65.85,74.4859,49.87,67,41,19.71,RU,1691603129
340,al bawiti,28.3492,28.8659,89.1,24,0,8.19,EG,1691603129
341,saipan,15.1355,145.701,81.64,100,100,8.05,MP,1691603129
342,tanout,14.9709,8.8879,89.91,42,48,6.87,NE,1691603130
343,horishni plavni,49.0097,33.6455,68.34,50,16,7.58,UA,1691603130
344,massawa,15.6097,39.45,100.58,32,85,7.38,ER,1691603130
345,leua,48.2156,18.6071,59.86,87,100,2.13,SK,1691603131
346,weno,7.4515,151.8468,80.55,94,100,3.44,FM,1691603131
347,kem',64.9555,34.5793,62.28,75,70,5.7,RU,1691603132
348,pergamino,-33.89,-60.5736,66.18,44,27,8.95,AR,1691602970
349,kangding,30.0513,101.9603,63.23,97,100,2.35,CN,1691603132
350,sabha,27.0377,14.4283,87.49,19,0,9.71,LY,1691603133
351,phalaborwa,-23.943,31.1411,66.42,48,7,13.27,ZA,1691603133
352,sofiyivka,48.0493,33.8746,67.75,51,2,10.13,UA,1691603133
353,katsuura,35.1333,140.3,77.54,91,0,8.52,JP,1691603134
354,astaneh-ye ashrafiyeh,37.2596,49.9444,82.33,72,0,4.54,IR,1691603134
355,nosy varika,-20.5833,48.5333,66.4,90,25,1.34,MG,1691603135
356,amga,60.8953,131.9608,50.0,71,2,3.56,RU,1691603135
357,sitka,57.0531,-135.33,57.09,94,100,3.44,US,1691602920
358,sodankyla,67.4167,26.6,65.55,88,51,3.24,FI,1691603136
359,besni,37.6928,37.8611,84.99,23,0,3.8,TR,1691603136
360,gaigeturi,33.4644,126.3183,80.65,83,100,17.27,KR,1691603136
361,selfoss,63.9331,-20.9971,60.04,60,96,5.1,IS,1691603136
362,derzhavinsk,51.1,66.3167,65.14,80,20,9.15,KZ,1691603137
363,masina,-4.3836,15.3914,79.14,45,76,4.07,CD,1691603137
364,zhicheng,30.2956,111.5047,78.26,76,5,3.15,CN,1691603137
365,mahibadhoo,3.7833,72.9667,83.1,75,99,13.18,MV,1691603138
366,porto novo,6.4965,2.6036,80.42,83,66,11.48,BJ,1691602949
367,svetlyy,54.675,20.1347,59.05,60,71,3.67,RU,1691603138
368,zelenogorsk,56.1147,94.5861,61.07,77,90,1.36,RU,1691603139
369,nemuro,43.3236,145.575,65.95,100,100,14.18,JP,1691603139
370,pervomayskoye,43.919,46.7102,84.22,41,1,14.52,RU,1691603139
371,togur,58.3631,82.8265,55.08,90,50,6.35,RU,1691603140
372,general acha,-37.377,-64.6043,61.88,33,91,19.46,AR,1691603140
373,ambodifotatra,-16.9833,49.85,69.62,90,16,9.75,MG,1691603140
374,hargeysa,9.56,44.065,74.95,51,93,20.89,SO,1691602849
375,sur,22.5667,59.5289,90.34,52,29,10.6,OM,1691603141
376,umarkot,25.3616,69.7362,85.75,62,74,19.66,PK,1691603141
377,matane,48.8286,-67.522,56.8,98,100,13.13,CA,1691603141
378,mwene-ditu,-7.0,23.45,79.43,26,1,4.23,CD,1691603142
379,sungai raya,0.7,108.9,78.12,90,38,5.86,ID,1691603142
380,saida,34.8303,0.1517,96.58,19,3,11.54,DZ,1691603142
381,howrah,22.5892,88.3103,86.0,84,75,0.0,IN,1691603143
382,franklin,39.9667,-83.0166,84.76,61,75,12.66,US,1691602988
383,mae chai,19.346,99.814,72.64,98,100,3.13,TH,1691603143
384,bilibino,68.0546,166.4372,43.97,57,85,4.79,RU,1691603144
385,fort campbell north,36.6543,-87.4606,84.72,64,75,11.5,US,1691602933
386,mathba,22.2855,89.9629,81.7,85,99,2.86,BD,1691603145
387,hassi messaoud,31.6804,6.0729,109.26,10,0,6.91,DZ,1691603146
388,mukalla,14.5425,49.1242,94.06,49,99,2.84,YE,1691603146
389,mount gambier,-37.8333,140.7667,48.15,78,43,11.68,AU,1691603147
390,simpang,-1.2667,104.0833,75.4,88,95,3.11,ID,1691603147
391,vilyuchinsk,52.9306,158.4028,57.47,84,100,8.43,RU,1691603147
392,tinghir,31.5157,-5.5343,82.65,37,100,16.08,MA,1691603118
393,tazacorte,28.629,-17.9293,79.77,84,20,13.8,ES,1691603148
394,queenstown,-31.8976,26.8753,53.82,73,0,5.35,ZA,1691603148
395,taltal,-25.4,-70.4833,64.24,72,82,6.31,CL,1691603082
396,luanda,-8.8368,13.2343,73.4,73,40,6.91,AO,1691602879
397,majene,-3.5403,118.9707,75.83,86,62,11.07,ID,1691603149
398,kavaratti,10.5669,72.642,82.71,76,100,15.41,IN,1691603149
399,al bardiyah,31.7561,25.0865,81.18,65,0,7.45,LY,1691603150
400,sa dec,10.3,105.7667,76.98,81,22,10.54,VN,1691603150
401,murashi,59.3999,48.9615,64.11,80,6,2.8,RU,1691603150
402,usogorsk,63.4106,48.6872,64.6,73,4,2.15,RU,1691603151
403,afaahiti,-17.75,-149.2833,71.47,72,91,16.87,PF,1691603151
404,potosi,-19.5836,-65.7531,57.65,8,0,13.0,BO,1691603151
405,kayangel,8.0823,134.7173,82.45,76,47,17.83,PW,1691603152
406,kyshtovka,56.555,76.6271,60.21,85,85,6.26,RU,1691603152
407,keflavik,64.0049,-22.5624,62.51,58,75,13.8,IS,1691603152
408,tirumullaivasal,11.2333,79.8333,83.62,74,100,7.65,IN,1691603153
409,creston,41.0586,-94.3614,75.16,100,20,11.5,US,1691603153
410,salym,60.0625,71.4789,50.67,95,72,4.94,RU,1691603153
411,ketchikan,55.3422,-131.6461,57.67,94,100,14.97,US,1691603153
412,sola,-13.8833,167.55,73.83,86,100,24.09,VU,1691603154
413,ouezzane,34.7971,-5.5822,95.36,33,4,10.67,MA,1691603154
414,tangalle,6.024,80.7911,76.3,92,100,4.74,LK,1691603154
415,ambon,-3.6954,128.1814,78.87,16,67,14.36,ID,1691603155
416,devils lake,48.1128,-98.8651,73.51,48,0,6.91,US,1691603155
417,twon-brass,4.3151,6.2418,78.19,82,66,9.4,NG,1691603155
418,kaithal,29.8,76.3833,87.13,62,81,3.83,IN,1691603156
419,bubaque,11.2833,-15.8333,81.91,76,98,8.43,GW,1691603156
420,kalabo,-14.97,22.6814,68.86,27,0,6.33,ZM,1691603156
421,oeiras do para,-2.0031,-49.8544,96.3,35,34,5.88,BR,1691603156
422,at taj,24.2049,23.2857,95.34,24,10,9.64,LY,1691603157
423,maintirano,-18.0667,44.0167,74.77,73,1,14.7,MG,1691603157
424,tamandare,-8.7597,-35.1047,80.17,57,5,8.93,BR,1691603157
425,erdenet,49.0333,104.0833,58.71,97,81,4.56,MN,1691603158
426,horodok,49.1637,26.5839,67.1,54,89,1.92,UA,1691603158
427,bayanhongor,46.7167,100.1167,50.11,86,21,2.64,MN,1691603159
428,saldanha,-33.0117,17.9442,59.05,80,0,11.45,ZA,1691603159
429,st. john's,47.5649,-52.7093,62.15,79,100,11.5,CA,1691603159
430,ranau,5.9538,116.6641,69.03,89,67,1.61,MY,1691603160
431,vallenar,-28.5708,-70.7581,77.07,29,100,6.06,CL,1691603160
432,contamana,-7.3333,-75.0167,99.61,34,81,0.38,PE,1691603160
433,changji,44.0167,87.3167,81.39,44,0,4.47,CN,1691603161
434,kertih,4.5141,103.4483,75.22,100,22,0.0,MY,1691603161
435,vikhorevka,56.1201,101.1636,62.19,78,99,3.47,RU,1691603161
436,negapatam,10.7667,79.8333,83.62,78,100,13.62,IN,1691603162
437,tateyama,34.9833,139.8667,80.74,84,11,14.97,JP,1691603162
438,oltinko'l,40.8011,72.1634,82.81,25,0,2.8,UZ,1691603162
439,goulburn,-34.75,149.7167,48.78,67,80,5.01,AU,1691603163
440,borogontsy,62.6683,131.1683,53.67,70,83,5.21,RU,1691603164
441,grenada,37.1882,-3.6067,106.16,20,0,13.8,ES,1691603164
442,paracuru,-3.41,-39.0306,81.1,67,38,17.07,BR,1691603165
443,merizo village,13.2658,144.6691,79.99,97,100,14.34,GU,1691603165
444,merritt,50.1123,-120.7942,72.68,47,91,5.88,CA,1691603165
445,acajutla,13.5928,-89.8275,90.1,61,14,8.03,SV,1691603115
446,wanlaweyn,2.6185,44.8938,75.15,77,70,15.77,SO,1691603166
447,balabac,7.9868,117.0645,81.59,80,11,8.7,PH,1691603166
448,questembert,47.6667,-2.4667,83.19,61,0,9.22,FR,1691603167
449,aleg,17.0481,-13.9209,101.66,19,58,11.72,MR,1691603168
450,kirakira,-10.4544,161.9205,76.86,90,100,7.99,SB,1691603168
451,roma,43.2128,-75.4557,80.38,65,0,9.22,US,1691602923
452,fujin,47.26,132.0322,64.54,95,97,8.39,CN,1691603169
453,llorente,11.4119,125.5458,78.12,91,86,5.12,PH,1691603169
454,shadegan,30.6497,48.6647,100.35,28,3,12.28,IR,1691603170
455,al kharijah,25.4514,30.5464,94.08,18,0,11.99,EG,1691603171
456,mubende,0.5606,31.39,67.6,62,56,1.54,UG,1691603171
457,jiexiu,37.0244,111.9125,75.94,70,77,2.01,CN,1691603171
458,pakse,15.1167,105.7833,76.86,89,84,1.32,LA,1691603172
459,vilyuysk,63.7553,121.6247,56.82,54,3,6.8,RU,1691603172
460,duartina,-22.4144,-49.4039,85.35,24,8,9.75,BR,1691603172
461,rongelap,11.1635,166.8941,81.88,76,46,5.44,MH,1691603173
462,brookings,44.3114,-96.7984,77.45,66,20,4.61,US,1691603173
463,port saint john's,-31.6229,29.5448,62.37,86,99,3.83,ZA,1691603173
464,dailekh,28.8333,81.6667,73.26,98,100,0.72,NP,1691603174
465,sao francisco,-15.9486,-44.8644,90.52,23,0,8.21,BR,1691603174
466,tamanrasset,22.785,5.5228,89.51,22,40,3.44,DZ,1691603174
467,cidreira,-30.1811,-50.2056,61.05,95,100,20.74,BR,1691603175
468,kuta,-8.7233,115.1723,75.15,88,40,5.99,ID,1691603175
469,greenland,43.0362,-70.8328,82.69,56,75,11.5,US,1691603175
470,fada,9.5667,8.3,70.3,93,76,3.51,NG,1691603176
471,mil'kovo,55.6078,37.7956,71.11,69,35,8.1,RU,1691603176
472,darwin,-12.4611,130.8418,75.18,78,100,0.0,AU,1691603102
473,allende,25.2833,-100.0167,98.71,36,12,7.25,MX,1691603177
474,pitalito,1.8497,-76.0479,78.35,58,70,6.17,CO,1691603115
475,mandalgovi,45.7625,106.2708,73.96,36,100,9.37,MN,1691603177
476,midvagur,62.0511,-7.1939,50.83,76,75,20.71,FO,1691603178
477,sosnovka,56.255,51.2842,67.24,63,0,3.49,RU,1691603178
478,khorinsk,52.1657,109.7726,63.25,99,100,3.53,RU,1691603178
479,quilmana,-12.95,-76.3833,72.39,64,79,8.61,PE,1691603179
480,ubari,26.5921,12.7805,89.15,13,0,10.56,LY,1691603179
481,san pedro pochutla,15.7333,-96.4667,86.72,55,100,4.61,MX,1691603179
482,taoudenni,22.6783,-3.9836,115.48,7,9,8.95,ML,1691603180
483,ridgecrest,35.6225,-117.6709,85.68,18,75,5.99,US,1691603008
484,as sulayyil,20.4607,45.5779,104.25,8,8,8.63,SA,1691603180
485,le port,-20.9373,55.2919,71.56,94,6,11.65,RE,1691603180
486,paka,4.6374,103.4368,75.13,100,67,0.0,MY,1691603181
487,igarka,67.4667,86.5833,58.78,95,100,12.26,RU,1691603181
488,aioun,16.6614,-9.6149,105.84,15,64,11.54,MR,1691603181
489,newbiggin-by-the-sea,55.1853,-1.5147,67.98,71,75,9.22,GB,1691603182
490,poxoreo,-15.8372,-54.3892,100.44,15,14,6.26,BR,1691603182
491,moriki,12.8741,6.4875,81.21,72,97,5.14,NG,1691603182
492,hinton,53.4001,-117.5857,55.04,98,100,0.13,CA,1691603183
493,warrnambool,-38.3833,142.4833,50.32,85,84,10.74,AU,1691603183
494,shiraz,29.6036,52.5388,83.64,30,75,4.61,IR,1691603183
495,onega,63.9061,38.1404,66.07,72,5,7.25,RU,1691603184
496,talcahuano,-36.7167,-73.1167,55.08,88,100,16.11,CL,1691603184
497,tura,25.5198,90.2201,74.7,98,100,2.01,IN,1691603184
498,nadi,-17.8,177.4167,71.6,83,75,11.5,FJ,1691603185
499,i-n-salah,27.1935,2.4607,106.07,8,0,22.86,DZ,1691603185
500,lompoc,34.6391,-120.4579,71.92,85,100,0.0,US,1691602980
501,bardai,11.65,7.2333,75.74,80,95,7.92,NG,1691603185
502,tres arroyos,-38.3739,-60.2798,62.55,42,93,14.76,AR,1691603186
503,margate,51.3813,1.3862,70.88,68,36,10.0,GB,1691603186
504,daru,-9.0763,143.2092,75.24,77,82,15.55,PG,1691603187
505,alofi,-19.0595,-169.9187,76.89,94,36,3.44,NU,1691603187
506,gostynin,52.4294,19.4619,54.79,90,100,4.61,PL,1691603187
507,lodwar,3.1191,35.5973,88.77,35,10,6.55,KE,1691603128
508,puerto lempira,15.2667,-83.7667,89.74,62,40,9.22,HN,1691603188
509,meiktila,20.8667,95.8667,74.01,91,100,14.9,MM,1691603188
510,sinabang,2.4803,96.3801,77.05,89,68,5.28,ID,1691603188
511,sabang,5.8933,95.3214,82.72,78,98,14.7,ID,1691603189
512,lensk,60.7253,114.9278,64.24,77,39,2.06,RU,1691603189
513,oban,56.4127,-5.4706,60.39,80,97,2.51,GB,1691603189
514,dapa,9.7594,126.0531,82.53,74,100,7.2,PH,1691603190
515,coihueco,-36.6167,-71.8333,54.34,76,100,14.97,CL,1691603191
516,north platte,41.1239,-100.7654,78.98,64,0,4.61,US,1691603191
517,ust'-ilimsk,58.0006,102.6619,61.23,91,85,0.18,RU,1691603192
518,ceuta,35.8903,-5.3075,80.62,84,22,6.38,ES,1691603192
519,lazaro cardenas,17.9583,-102.2,89.24,64,30,6.22,MX,1691603192
520,kargil,34.5667,76.1,64.09,45,85,4.94,IN,1691603193
521,loum,4.7182,9.7351,72.59,98,84,1.48,CM,1691603193
522,pisco,-13.7,-76.2167,68.05,77,100,4.61,PE,1691603193
523,altay,47.8667,88.1167,60.78,81,77,3.11,CN,1691603194
524,kokstad,-30.5472,29.4241,50.49,89,23,4.83,ZA,1691603194
525,cadale,2.7603,46.3222,76.6,84,30,17.83,SO,1691603194
526,morehead city,34.7229,-76.726,89.02,65,0,10.36,US,1691603195
527,bengkulu,-3.8004,102.2655,74.62,95,77,4.88,ID,1691603195
528,tofol,5.3248,163.0078,81.84,76,66,7.87,FM,1691603195
529,vila velha,-20.3297,-40.2925,75.15,85,75,12.66,BR,1691603195
530,stary bohumin,49.9169,18.3362,61.52,89,88,5.97,CZ,1691603196
531,hafar al-batin,28.4328,45.9708,104.58,10,0,4.61,SA,1691603196
532,morteros,-30.7116,-61.9986,71.02,47,79,9.31,AR,1691603196
533,sinop,41.7711,34.8709,63.03,90,20,1.43,TR,1691603197
534,ndibene dahra,15.3338,-15.4766,96.33,32,87,8.34,SN,1691603197
535,gebeit,21.0667,36.3167,91.47,21,9,7.63,SD,1691603197
536,kish,26.5578,54.0194,93.47,66,1,4.61,IR,1691603198
537,scottburgh,-30.2867,30.7532,65.14,76,90,6.51,ZA,1691603198
538,oyem,1.5995,11.5793,68.79,97,69,1.88,GA,1691603198
539,tsiombe,-25.3,45.4833,67.93,84,29,8.05,MG,1691603199
540,kodinsk,58.6881,99.1844,60.33,78,62,2.55,RU,1691603199
541,kashgar,39.4547,75.9797,83.41,26,0,4.47,CN,1691603199
542,shahrud,36.4182,54.9763,75.56,39,4,12.19,IR,1691603200
543,zuwarah,32.9312,12.082,78.76,56,0,10.33,LY,1691603200
544,hilton,43.2881,-77.7933,84.78,65,49,4.0,US,1691603200
545,plouzane,48.3833,-4.6167,75.38,73,0,9.22,FR,1691603200
546,galliano,29.4422,-90.2992,98.01,55,75,11.5,US,1691603201
547,graaff-reinet,-32.2522,24.5308,54.91,83,1,2.98,ZA,1691603201
548,masterton,-40.9597,175.6575,38.88,95,97,3.98,NZ,1691603201
549,franceville,-1.6333,13.5836,79.95,55,75,2.37,GA,1691603202
550,jamaame,0.0697,42.745,75.43,80,39,10.71,SO,1691603202
551,misawa,40.6836,141.3597,79.61,84,33,5.95,JP,1691603202
552,sydney,-33.8679,151.2073,55.36,76,87,6.91,AU,1691602778
553,jalalabad,34.4265,70.4515,93.97,41,0,5.75,AF,1691603203
554,dubbo,-32.25,148.6167,41.13,87,41,10.36,AU,1691603203
555,muar,2.0442,102.5689,81.03,91,37,2.13,MY,1691603203
556,copala,16.65,-98.9833,91.22,54,100,6.55,MX,1691603204
557,al mijlad,11.0333,27.7333,79.41,69,73,7.27,SD,1691603204
558,kampene,-3.6,26.6667,77.7,47,81,1.81,CD,1691603205
559,arno,60.1167,18.6333,59.79,76,91,15.93,SE,1691603205
560,pionerskiy,54.9508,20.2275,58.84,73,81,6.85,RU,1691603205
561,muhos,64.808,25.9931,69.58,69,30,4.34,FI,1691603205
562,hun,29.1268,15.9477,88.0,26,0,10.33,LY,1691603206
563,tarawa,1.419,172.984,78.89,94,20,2.3,KI,1691603206
564,baijiantan,45.6333,85.1833,78.01,42,55,5.39,CN,1691603206
565,egilsstadir,65.2653,-14.3948,49.91,71,75,13.8,IS,1691603207
566,sopron,47.685,16.5905,64.58,85,100,2.04,HU,1691603207
567,princeville,45.7668,-61.2985,67.32,96,100,21.85,CA,1691603207
568,shanhaiguan,39.9988,119.7564,74.21,70,9,8.1,CN,1691603208
569,nova olimpia,-14.7972,-57.2881,104.11,16,0,3.69,BR,1691603208
570,dalandzadgad,43.5708,104.425,77.14,45,96,6.29,MN,1691603208
571,chandler,33.3062,-111.8412,100.81,35,40,4.61,US,1691603207
572,berdigestyakh,62.0989,126.6992,53.44,67,78,5.84,RU,1691603209
573,castillos,-34.1667,-53.8333,64.45,73,97,18.39,UY,1691603209
574,saint-philippe,-21.3585,55.7679,69.39,85,67,5.88,RE,1691603210
575,pemangkat,1.1667,108.9667,82.45,78,51,8.86,ID,1691603210
576,wellington,-41.2866,174.7756,43.07,95,100,23.02,NZ,1691603014
577,yarmouth,41.7057,-70.2286,82.45,63,20,9.22,US,1691603179
578,port augusta,-32.5,137.7667,50.81,91,60,8.72,AU,1691603211
579,hit,33.6416,42.8251,103.41,12,0,7.7,IQ,1691603211
580,gornopravdinsk,60.05,69.9,55.83,90,98,4.97,RU,1691603212
581,maloye ganyushkino,46.6,49.2667,87.13,55,64,8.08,KZ,1691603212
582,bagua grande,-5.7561,-78.4411,89.33,43,42,8.77,PE,1691603212
583,si satchanalai,17.5169,99.7598,77.92,99,100,1.36,TH,1691603213
584,forbes,-33.3833,148.0167,46.26,68,19,11.07,AU,1691603213
585,betio village,1.358,172.9211,78.84,72,98,1.81,KI,1691603214
586,tarakan,3.3,117.6333,81.43,78,87,8.72,ID,1691603214
587,gewane,10.1664,40.6453,87.89,40,95,1.25,ET,1691603214
588,cowra,-33.8333,148.6833,42.78,78,32,5.88,AU,1691603215
589,kenai,60.5544,-151.2583,55.15,95,100,3.44,US,1691603215
590,blagoveshchensk,50.2667,127.5333,65.01,100,75,2.24,RU,1691603215
591,rio gallegos,-51.6226,-69.2181,44.65,61,0,16.11,AR,1691603141
592,wamba,8.9333,8.6,75.56,83,71,2.33,NG,1691603216
593,kidal,18.4411,1.4078,100.87,23,89,12.93,ML,1691603216
594,kiunga,-6.1219,141.2906,71.69,91,80,3.69,PG,1691603217
595,coronel suarez,-37.4547,-61.9334,61.23,40,91,14.0,AR,1691603217
596,mata-utu,-13.2816,-176.1745,82.13,74,56,9.69,WF,1691603217
597,carutapera,-1.195,-46.02,84.04,68,48,10.47,BR,1691603218
598,villa union,23.2,-106.2333,76.96,94,100,0.0,MX,1691603218
599,makhambet,47.6667,51.5833,88.99,21,67,15.59,KZ,1691603218
600,salima,-13.7804,34.4587,67.75,50,0,4.25,MW,1691603219
601,cruzeiro do sul,-29.5128,-51.9853,62.51,91,100,2.33,BR,1691603219
602,bulanash,57.2783,61.9965,63.93,80,78,4.47,RU,1691603219
603,port blair,11.6667,92.75,82.44,83,75,6.91,IN,1691603220
604,tippi,7.2,35.45,64.69,97,94,3.04,ET,1691603220
605,colesberg,-30.72,25.0972,58.96,23,0,6.15,ZA,1691603220
606,oeiras,-7.0253,-42.1311,96.19,23,47,12.15,BR,1691603221
607,tiksi,71.6872,128.8694,58.91,55,15,7.72,RU,1691603221
608,arteche,12.2645,125.4048,81.34,81,77,7.94,PH,1691603222
609,ust'-abakan,53.8525,91.3742,67.91,64,0,8.95,RU,1691603222
610,viedma,-40.8135,-62.9967,66.36,26,87,19.8,AR,1691603222
611,fazilka,30.4,74.0333,91.26,45,76,7.63,IN,1691603223
612,campo maior,-4.8278,-42.1686,100.18,22,43,10.45,BR,1691603223
613,tawau,4.2498,117.8871,78.93,94,69,2.77,MY,1691603224
614,sihanoukville,10.6093,103.5296,82.35,83,40,8.05,KH,1691603224
615,grass valley,39.2191,-121.0611,82.08,39,0,4.61,US,1691603224
616,toliara,-23.35,43.6667,71.85,74,3,16.42,MG,1691603224
617,langsa,4.4683,97.9683,73.45,97,70,2.35,ID,1691603225
618,hailar,49.2,119.7,57.02,89,40,4.63,CN,1691603225
619,new norfolk,-42.7826,147.0587,54.9,70,100,4.45,AU,1691603225
620,padang,-0.9492,100.3543,77.05,89,90,3.62,ID,1691602993
621,turabah,21.2141,41.6331,89.82,16,47,13.78,SA,1691603226
622,kavieng,-2.5744,150.7967,80.82,76,82,17.49,PG,1691603226
623,mili,6.0815,171.735,81.73,77,99,6.26,MH,1691603227
624,falesti,47.5736,27.7092,74.46,37,69,6.71,MD,1691603227
625,flying fish cove,-10.4217,105.6791,74.88,88,75,13.8,CX,1691603227
626,boguchany,58.3814,97.4531,58.53,91,61,2.17,RU,1691603228
627,telc,49.1842,15.4528,60.82,92,88,4.97,CZ,1691603228
628,bushehr,28.9684,50.8385,100.49,22,0,9.22,IR,1691603228
629,dese,11.1333,39.6333,58.57,72,100,1.9,ET,1691603229
630,soe,-9.8607,124.284,61.34,91,15,4.92,ID,1691603229
631,jacmel,18.2342,-72.5347,91.24,66,17,8.12,HT,1691603230
632,namtsy,62.7161,129.6658,52.39,77,3,4.0,RU,1691603230
633,idri,27.5,13.2667,89.51,15,0,11.86,LY,1691603230
634,villa emilio carranza,19.9667,-96.6,88.56,61,9,7.16,MX,1691603231
635,santa cruz de bezana,43.4437,-3.9032,80.11,72,0,13.0,ES,1691603231
636,pulandian,39.3953,121.9669,72.63,78,0,6.24,CN,1691603231
637,vondrozo,-22.8167,47.2833,61.48,98,89,0.92,MG,1691603231
638,colonia,50.9333,6.95,72.25,48,0,11.5,DE,1691603232
639,moab,38.5733,-109.5498,89.49,23,2,6.08,US,1691603081
640,robore,-18.3333,-59.75,84.29,65,0,0.0,BO,1691603232
641,benevento,41.2179,14.7464,77.41,49,93,6.38,IT,1691603233
642,yeniseysk,58.4497,92.1703,57.24,80,62,3.96,RU,1691603233
643,sierra grande,-41.606,-65.3557,63.86,28,91,22.82,AR,1691603233
644,thinadhoo,0.5333,72.9333,81.09,78,39,6.67,MV,1691603234
645,slave lake,55.2834,-114.769,58.98,94,100,12.66,CA,1691603145
646,singrauli,24.1997,82.6753,77.4,76,100,6.46,IN,1691603235
647,mayya,61.7333,130.2811,47.52,66,20,5.91,RU,1691603235
648,juneau,58.3019,-134.4197,57.42,98,100,11.5,US,1691602953
649,muromtsevo,56.3724,75.2418,62.74,72,61,5.82,RU,1691603236
650,emerald,-23.5333,148.1667,53.98,88,0,5.06,AU,1691603236
651,mwatate,-3.5029,38.3795,67.86,73,89,10.45,KE,1691603237
652,ksar chellala,35.2122,2.3189,98.26,15,3,15.95,DZ,1691603237
653,isheyevka,54.4167,48.2667,72.91,55,0,4.88,RU,1691603238
654,aripuana,-9.1667,-60.6333,103.42,21,17,1.63,BR,1691603238
655,domna,51.8971,113.1573,64.56,93,40,2.24,RU,1691603238
656,siwa oasis,29.2041,25.5195,92.61,25,0,5.61,EG,1691603239
657,alesd,47.0667,22.4167,70.61,60,100,4.47,RO,1691603239
658,kisangani,0.5167,25.2,79.21,69,87,1.54,CD,1691603239
659,port hope,43.9408,-82.7127,83.01,54,16,4.61,US,1691603240
660,yerofey pavlovich,53.9667,121.9667,55.45,88,6,2.89,RU,1691603240
661,harper,4.375,-7.7169,76.68,79,93,12.55,LR,1691603240
662,magong,23.5654,119.5863,82.27,90,80,14.16,TW,1691603241
663,tidjikja,18.5564,-11.4271,105.44,14,15,9.1,MR,1691603241
664,rice lake,45.5061,-91.7382,78.48,69,0,6.91,US,1691603087
665,daltonganj,24.0333,84.0667,77.49,85,100,5.26,IN,1691603242
666,stanthorpe,-28.6667,151.95,46.42,93,73,0.81,AU,1691603242
667,olonkinbyen,70.9221,-8.7187,42.49,99,100,8.75,SJ,1691603242
668,assare,-6.8744,-39.875,91.81,25,52,5.59,BR,1691603243
669,parabel',58.6978,81.4825,57.2,88,87,7.14,RU,1691603243
670,chaoyang,41.5703,120.4586,68.79,76,38,3.74,CN,1691602954
671,lapeer,43.0514,-83.3188,84.25,51,0,6.91,US,1691603244
672,gobabis,-22.45,18.9667,62.02,25,58,11.88,NA,1691603244
673,fort-shevchenko,44.5086,50.263,82.76,67,6,8.99,KZ,1691603244
674,bakal,54.9417,58.8083,58.55,90,23,0.63,RU,1691603245
675,saint-francois,46.4154,3.9054,81.84,39,0,8.05,FR,1691603245
676,tabuk,17.4189,121.4443,76.1,84,100,3.2,PH,1691603245
677,arua,3.0201,30.9111,64.89,86,6,4.29,UG,1691603245
678,ust-nera,64.5667,143.2,52.3,78,34,3.4,RU,1691603222
679,nguigmi,14.2495,13.1092,84.13,66,94,14.41,NE,1691603246
680,hastings,50.8552,0.5729,71.98,24,15,8.79,GB,1691603246
681,puttalam,8.0362,79.8283,80.02,87,100,14.65,LK,1691603247
682,baturaja,-4.1333,104.1667,72.3,94,94,2.73,ID,1691603247
683,zungeru,9.8128,6.1558,84.18,89,83,4.09,NG,1691603247
684,taro,-8.3862,115.28,68.0,90,47,1.45,ID,1691603248
685,leava,-14.3,-178.1667,80.76,78,45,8.68,WF,1691603248
686,mozarlandia,-14.7447,-50.5706,100.89,12,3,7.34,BR,1691603248
687,kyzylorda,44.8528,65.5092,84.22,34,20,4.47,KZ,1691603249
688,shitanjing,39.2342,106.3439,77.63,59,65,10.98,CN,1691603249
689,brisas de zicatela,15.8369,-97.0419,88.81,59,100,5.86,MX,1691603249
690,tokuyama,34.05,131.8167,82.02,91,100,28.21,JP,1691603250
691,mont-dore,-22.2833,166.5833,57.18,75,48,7.78,NC,1691603250
692,columbia falls,48.3725,-114.1815,77.02,51,0,8.05,US,1691603250
693,sanctuary point,-35.1114,150.629,58.32,65,75,7.38,AU,1691603251
694,santa cruz,-17.8,-63.1667,85.46,26,0,4.61,BO,1691603166
695,san fernando de monte cristi,19.8667,-71.65,87.08,70,24,19.91,DO,1691603251
696,el granada,37.5027,-122.4694,78.6,73,100,9.22,US,1691603252
697,carlos a. carrillo,18.3667,-95.75,90.5,61,41,4.27,MX,1691603252
698,mananara,-16.1667,49.7667,67.93,92,7,5.61,MG,1691603253
699,tselinnoye,53.0833,85.6667,64.0,57,52,5.32,RU,1691603253
700,zyrya,40.3661,50.2917,84.29,55,1,6.11,AZ,1691603253
701,undurkhaan,47.3194,110.6556,64.49,64,90,6.02,MN,1691603253
702,kristiansund,63.1115,7.732,53.65,87,75,6.91,NO,1691603254
703,ceeldheer,3.8488,47.1806,76.17,83,53,16.84,SO,1691603254
704,trinidad,-14.8333,-64.9,87.78,48,25,2.3,BO,1691603254
705,khorixas,-20.3667,14.9667,74.93,22,66,5.95,NA,1691603255
706,shakawe,-18.3667,21.85,66.7,27,7,6.64,BW,1691603255
707,sovetskaya gavan',48.9723,140.2878,58.77,74,100,2.01,RU,1691603255
708,gladstone,-23.85,151.25,59.79,77,10,6.91,AU,1691603256
709,la sarre,48.8002,-79.1996,77.74,41,38,11.92,CA,1691603256
710,pont rouge,48.8833,-72.0825,62.89,72,91,8.52,CA,1691603256
711,oyotun,-6.8519,-79.3036,84.43,52,68,7.63,PE,1691603257
712,buala,-8.145,159.5921,77.68,88,99,7.96,SB,1691603257
713,pipili,20.1167,85.8333,84.54,89,40,2.3,IN,1691603257
714,kupang,-10.1667,123.5833,73.69,80,16,11.34,ID,1691603258
715,rechka-vydrino,51.485,104.8461,59.23,97,91,3.56,RU,1691603258
716,griffith,41.5284,-87.4237,80.94,64,0,4.61,US,1691603259
717,amboanjo,-22.6667,47.8167,67.93,87,43,4.03,MG,1691603259
